id,nombre,apellido,fecha_nacimiento,correo,celular,direccion
18,Rhody,Ramsbotham,1947-10-05,rhody.ramsbotham@libero.it,+1 678 391 0073,"11766 Goldberger Lane, Spokane, Washington, United States, 99205"
96,Aurel,Marran,1991-02-05,aurel.marran@hotmail.com,+1 765 113 0076,"8387 Alexandria Place, Washington, District of Columbia, United States, 20442"
70,Amandie,Gann,1984-02-14,amandie.gann@yahoo.com,+1 920 564 0046,"8409 Jim Street, Des Moines, Iowa, United States, 50315"
69,Merwyn,Martinec,1985-02-13,merwyn.martinec@zonnet.nl,+213 106 571 0034,"9464 Dagenais Way, Austin, Texas, United States, 78732"
41,Damon,Boncoeur,1998-01-01,damon.boncoeur@yahoo.com,+213 359 992 0075,"7743 Coleman Drive, Louisville, Kentucky, United States, 40220"
71,Emelita,Rojel,1988-06-22,emelita.rojel@yahoo.it,+213 649 969 0082,"380 Reyes Avenue, El Paso, Texas, United States, 88514"
77,Reed,Matoshin,1946-11-15,reed.matoshin@hotmail.com,+27 019 279 0022,"12985 Isle Of Palms Path, Lancaster, California, United States, 93584"
40,Amaleta,McNess,1978-06-04,amaleta.mcness@yahoo.com,+33 682 044 0093,"5429 Medina Avenue, San Diego, California, United States, 92121"
15,Reeva,Putton,2006-10-24,reeva.putton@gmail.com,+33 934 367 0050,"3140 Moncayo Avenue, Fargo, North Dakota, United States, 58122"
58,Tara,Maleney,1991-07-28,tara.maleney@yahoo.fr,+34 446 669 0058,"10305 Adelphi Avenue, Albany, New York, United States, 12227"
25,Fredra,Porte,1966-09-25,fredra.porte@hotmail.com,+34 801 037 0068,"1563 Pacolet Terrace, Montgomery, Alabama, United States, 36177"
49,Swen,Moorfield,2002-06-07,swen.moorfield@yahoo.com,+34 876 581 0076,"3932 Merida Circle, San Francisco, California, United States, 94159"
34,Igor,Pinchbeck,1966-08-27,igor.pinchbeck@yahoo.com,+34 920 987 0064,"11866 Sunset Ridge Drive, Nashville, Tennessee, United States, 37210"
74,Brody,Dixsee,1958-05-26,brody.dixsee@orange.fr,+351 181 592 0093,"1445 Walnut Way, Atlanta, Georgia, United States, 30328"
20,Skippie,Marland,1947-07-13,skippie.marland@hotmail.com,+351 400 659 0014,"11436 Trundle Terrace, Kansas City, Kansas, United States, 66160"
66,Torrin,Saltman,1997-10-30,torrin.saltman@aol.com,+351 501 698 0044,"1470 Astor Way, Oceanside, California, United States, 92056"
73,Kaine,Mazonowicz,1987-12-29,kaine.mazonowicz@yahoo.com,+351 779 636 0094,"13380 Pompano Lane, Scranton, Pennsylvania, United States, 18505"
63,Derward,Dart,1989-11-30,derward.dart@telenet.be,+358 214 104 0082,"10377 Francisco Street, Sioux Falls, South Dakota, United States, 57188"
29,Jacenta,O'Hallihane,2000-10-03,jacenta.ohallihane@gmail.com,+358 594 937 0074,"14295 Goodman Court, Washington, District of Columbia, United States, 20005"
52,Leah,Gemelli,2001-10-11,leah.gemelli@hotmail.com,+370 208 824 0057,"6161 Blackberry Avenue, Birmingham, Alabama, United States, 35225"
19,Alard,Picker,1984-03-16,alard.picker@aol.com,+370 621 695 0085,"12115 Rogers Road, Chesapeake, Virginia, United States, 23324"
53,Constantia,Friedlos,2007-03-25,constantia.friedlos@wanadoo.fr,+371 092 100 0086,"1140 Pelion Place, Miami, Florida, United States, 33147"
65,Elwira,Bilovsky,2007-05-10,elwira.bilovsky@yahoo.com,+371 173 303 0038,"14454 Corbett Drive, Hagerstown, Maryland, United States, 21747"
7,Flossie,Yesenev,1948-12-15,flossie.yesenev@yahoo.com,+371 205 919 0062,"2244 Fraser Court, Lexington, Kentucky, United States, 40591"
61,Latia,Antill,1982-08-15,latia.antill@yahoo.com,+372 758 757 0027,"6668 Colerain Circle, Modesto, California, United States, 95397"
33,Clo,Godbehere,1962-07-04,clo.godbehere@aol.com,+380 115 995 0050,"5198 Hubbs Street, Watertown, Massachusetts, United States, 02472"
13,Baird,Melody,1962-08-22,baird.melody@laposte.net,+380 606 220 0081,"6591 Shelburne Lane, Charleston, West Virginia, United States, 25326"
72,Gerrilee,Fitzsimon,1996-11-01,gerrilee.fitzsimon@yandex.ru,+39 216 831 0097,"5560 Broaderick Court, Greensboro, North Carolina, United States, 27415"
94,Marcel,De Angelo,2003-08-25,marcel.deangelo@yahoo.com,+39 384 310 0067,"9302 Lake Ridge Drive, Odessa, Texas, United States, 79764"
3,Ingaborg,Gallager,1966-04-12,ingaborg.gallager@hotmail.com,+39 843 871 0040,"10310 Mcsweeney Avenue, Beaverton, Oregon, United States, 97075"
9,Melita,Zeale,1981-11-07,melita.zeale@gmail.com,+39 922 859 0083,"9162 Lone Palm Avenue, Memphis, Tennessee, United States, 38119"
28,Libbie,Toone,1960-10-11,libbie.toone@hotmail.com,+39 929 296 0013,"9901 Broome Court, Harrisburg, Pennsylvania, United States, 17105"
86,Meredith,Silly,1951-07-26,meredith.silly@aol.com,+40 275 178 0064,"6893 Imperial Lane, Alexandria, Louisiana, United States, 71307"
64,Ron,Alflatt,1969-03-07,ron.alflatt@hotmail.com,+40 288 685 0004,"4849 Auburn Avenue, Columbus, Ohio, United States, 43268"
87,Happy,Scarsbrick,1982-09-16,happy.scarsbrick@gmail.com,+40 811 649 0007,"11724 Cruz Court, Cleveland, Ohio, United States, 44185"
56,Albie,MacQueen,1996-04-11,albie.macqueen@aol.com,+40 927 997 0052,"4321 Indigo Avenue, Newport Beach, California, United States, 92662"
16,Helenelizabeth,Tremathack,1964-05-02,helenelizabeth.tremathack@hotmail.de,+41 119 915 0006,"11726 Bethlehem Lane, Honolulu, Hawaii, United States, 96805"
27,Gerianna,Gye,1946-09-02,gerianna.gye@yahoo.co.in,+420 421 017 0089,"13552 Mosby Terrace, Huntsville, Alabama, United States, 35895"
57,Kaitlyn,Pollie,1951-01-12,kaitlyn.pollie@msn.com,+43 730 672 0083,"3883 Eduardo Place, North Little Rock, Arkansas, United States, 72199"
14,Rene,Stembridge,1990-05-23,rene.stembridge@aol.com,+44 552 767 0056,"14046 Fayette Court, San Francisco, California, United States, 94137"
42,Rosanna,O'Calleran,1979-05-18,rosanna.ocalleran@gmail.com,+44 862 728 0053,"8395 Broaderick Court, Seattle, Washington, United States, 98115"
8,Shurwood,Callington,1954-10-11,shurwood.callington@gmail.com,+44 990 157 0060,"10263 St. George Avenue, White Plains, New York, United States, 10633"
37,Zora,Klageman,1963-05-23,zora.klageman@bol.com.br,+46 212 569 0029,"14066 Rockville Place, Billings, Montana, United States, 59112"
36,Rosalinde,Varden,1957-07-16,rosalinde.varden@yahoo.co.in,+46 243 265 0032,"13561 Cross Hill Drive, Chico, California, United States, 95973"
93,Archie,Nolda,1986-12-21,archie.nolda@gmail.com,+46 655 290 0085,"287 Calabria Place, Los Angeles, California, United States, 90005"
89,Cly,Vanshin,1950-01-02,cly.vanshin@hotmail.com,+46 717 287 0095,"662 Nobleton Lane, Saint Louis, Missouri, United States, 63104"
44,Trudey,Prater,1987-01-13,trudey.prater@aol.com,+46 778 403 0086,"7733 Stacey Place, Peoria, Illinois, United States, 61605"
92,Tyson,Gaiford,1951-10-22,tyson.gaiford@yahoo.co.uk,+46 926 810 0025,"13728 Corona Court, Washington, District of Columbia, United States, 20456"
91,Ferris,Steinhammer,1967-05-21,ferris.steinhammer@hotmail.com,+47 757 827 0094,"13630 Martinez Drive, Minneapolis, Minnesota, United States, 55417"
83,Elyse,Dumphrey,1984-08-10,elyse.dumphrey@gmail.com,+48 128 629 0077,"14058 Tenerife Lane, South Bend, Indiana, United States, 46634"
35,Heath,Ivanishev,1949-03-08,heath.ivanishev@hotmail.com,+48 383 138 0066,"1930 Kimble Court, Brooksville, Florida, United States, 34605"
45,Jard,Kildea,1972-10-09,jard.kildea@comcast.net,+48 738 439 0072,"10734 Auburndale Avenue, Buffalo, New York, United States, 14276"
79,Gregorius,Rait,1993-10-29,gregorius.rait@yahoo.com,+48 785 299 0065,"620 Nadira Court, Maple Plain, Minnesota, United States, 55579"
50,Elinore,Carmont,1948-05-09,elinore.carmont@hotmail.com,+49 703 817 0057,"9109 Gary Lane, Virginia Beach, Virginia, United States, 23471"
2,Boy,Broadist,1951-03-23,boy.broadist@hotmail.com,+49 948 081 0092,"1098 Kramer Court, San Francisco, California, United States, 94147"
82,Morgun,Feasey,1985-06-10,morgun.feasey@free.fr,+52 197 697 0047,"5575 Hammock Lane, Des Moines, Iowa, United States, 50369"
1,Berrie,Sexon,1951-02-24,berrie.sexon@gmail.com,+52 679 748 0077,"14910 Zapata Place, Tacoma, Washington, United States, 98481"
62,Prentiss,Gateman,1976-03-26,prentiss.gateman@comcast.net,+52 825 760 0068,"5907 Conway Court, San Diego, California, United States, 92105"
67,Glendon,Leindecker,1956-10-17,glendon.leindecker@hotmail.com,+54 657 213 0018,"319 Eugene Terrace, Silver Spring, Maryland, United States, 20918"
21,Joscelin,Winslett,1965-06-01,joscelin.winslett@cox.net,+54 848 078 0077,"14671 Loma Paseo Drive, Muskegon, Michigan, United States, 49444"
39,Loralyn,Meader,1971-12-29,loralyn.meader@yahoo.com,+54 878 768 0061,"1207 Emiline Terrace, Valley Forge, Pennsylvania, United States, 19495"
30,Kayne,Baylie,1945-08-22,kayne.baylie@gmail.com,+598 952 006 0064,"3518 Errol Terrace, Grand Forks, North Dakota, United States, 58207"
54,Sabrina,Toffoletto,1986-11-15,sabrina.toffoletto@yahoo.com.br,+60 110 687 0095,"14228 Evelynton Loop, Montgomery, Alabama, United States, 36104"
60,Jennee,Sprigg,2003-07-29,jennee.sprigg@yahoo.in,+60 229 882 0045,"13537 Kaufman Circle, Fresno, California, United States, 93762"
84,Rosita,Sergean,2000-12-11,rosita.sergean@yahoo.com,+61 788 109 0087,"6712 Palermo Place, Houston, Texas, United States, 77212"
85,Katuscha,MacDermot,1956-04-02,katuscha.macdermot@optonline.net,+61 792 710 0044,"14943 Parkyn Path, Fort Worth, Texas, United States, 76105"
81,Horten,Fieldgate,1989-02-04,horten.fieldgate@hotmail.com,+63 480 431 0089,"928 Carmen Rene Way, Albuquerque, New Mexico, United States, 87190"
76,Mendie,Buchan,1991-06-18,mendie.buchan@hotmail.com,+63 503 952 0049,"11212 Bayberry Court, New Orleans, Louisiana, United States, 70165"
80,Tamarra,O' Timony,1967-08-05,tamarra.otimony@yahoo.com,+64 974 850 0010,"13347 Stricklin Street, Tacoma, Washington, United States, 98411"
38,Standford,Itzhayek,1980-08-08,standford.itzhayek@live.com,+65 126 320 0056,"12826 Oyster Place, Mobile, Alabama, United States, 36628"
10,Clemens,D'Abbot-Doyle,1981-02-15,clemens.dabbotdoyle@gmail.com,+65 356 333 0094,"14542 Mcconnells Avenue, Oklahoma City, Oklahoma, United States, 73152"
11,Gerhard,Ipgrave,1989-08-06,gerhard.ipgrave@aol.com,+65 364 366 0012,"1786 McKown Lane, Shawnee Mission, Kansas, United States, 66220"
55,Leighton,Reef,2002-08-16,leighton.reef@aol.com,+65 532 990 0071,"5601 Poplar Terrace, Jacksonville, Florida, United States, 32230"
68,Keriann,Ondrusek,1961-03-25,keriann.ondrusek@free.fr,+65 850 863 0052,"5063 Nautilus Lane, Virginia Beach, Virginia, United States, 23459"
24,Leesa,Stothert,1963-04-09,leesa.stothert@gmail.com,+7 111 023 0025,"6421 Wisteria Street, Lexington, Kentucky, United States, 40510"
23,Hildagarde,Stagg,1980-01-18,hildagarde.stagg@shaw.ca,+7 458 954 0016,"14 Vintage Place, Midland, Texas, United States, 79710"
100,Randal,Bruyns,1973-07-09,randal.bruyns@hotmail.fr,+7 619 334 0065,"11918 Fudge Terrace, Washington, District of Columbia, United States, 20319"
51,Karlens,Kimberley,1972-04-15,karlens.kimberley@yahoo.com,+7 665 074 0065,"9027 Barret Lane, Erie, Pennsylvania, United States, 16510"
97,Rivkah,Cleaves,1994-02-22,rivkah.cleaves@yahoo.com,+81 031 480 0015,"7265 Cochran Street, Baltimore, Maryland, United States, 21275"
95,Mollie,Halloran,2005-12-26,mollie.halloran@yahoo.com,+81 430 364 0041,"3969 Corona Avenue, Syracuse, New York, United States, 13224"
47,Roselle,Ogan,2004-11-16,roselle.ogan@yahoo.com,+81 883 337 0005,"4038 Swicord Street, Fort Lauderdale, Florida, United States, 33325"
46,Lil,Van Baaren,1970-11-01,lil.vanbaaren@yahoo.fr,+82 037 233 0064,"9038 Timmonsville Way, Fresno, California, United States, 93750"
99,Sigismundo,Bartoszinski,1993-10-19,sigismundo.bartoszinski@hotmail.com,+86 596 797 0016,"11799 Santa Rosa Court, Stockton, California, United States, 95205"
31,Deanna,Grimmolby,1997-10-01,deanna.grimmolby@hotmail.com,+90 264 581 0050,"7037 Malachite Terrace, Pasadena, California, United States, 91117"
5,Guthrie,Cosley,2002-11-15,guthrie.cosley@msn.com,+90 333 903 0022,"7741 Rose Lane, Dallas, Texas, United States, 75367"
17,Gretta,Baggelley,1996-09-26,gretta.baggelley@hotmail.com,+90 343 303 0048,"5384 Kayla Court, Boston, Massachusetts, United States, 02114"
12,Carlina,Goreway,1980-12-09,carlina.goreway@yahoo.com,+90 605 856 0017,"4509 Gompers Place, El Paso, Texas, United States, 79940"
78,Germain,Van Hesteren,1981-04-01,germain.vanhesteren@frontiernet.net,+90 828 663 0034,"7403 West Schwartz Blvd., Stockton, California, United States, 95210"
6,Brucie,Tatteshall,1960-05-25,brucie.tatteshall@hotmail.com,+90 853 942 0050,"30 Bladewood Court, San Bernardino, California, United States, 92405"
26,Binky,Rycroft,1955-04-09,binky.rycroft@gmail.com,+90 856 850 0021,"12289 Dipietro Lane, Dallas, Texas, United States, 75287"
59,Wilow,Kinzel,2003-01-31,wilow.kinzel@yahoo.co.uk,+91 039 531 0014,"12466 Hallmark Path, Baton Rouge, Louisiana, United States, 70883"
22,Myles,Gantlett,1961-07-16,myles.gantlett@gmail.com,+91 090 048 0036,"6650 Sadie Avenue, Pensacola, Florida, United States, 32595"
48,Nonnah,Glanville,1966-08-09,nonnah.glanville@hotmail.com,+91 169 142 0036,"7599 Kerry Place, Philadelphia, Pennsylvania, United States, 19120"
90,Ninon,Sprowles,1997-09-09,ninon.sprowles@mail.ru,+91 365 360 0072,"10588 Badger Street, Richmond, Virginia, United States, 23285"
88,Amberly,Pereira,1998-04-20,amberly.pereira@yahoo.co.uk,+91 444 662 0025,"1911 Ridgeland Path, Albany, Georgia, United States, 31704"
4,Powell,De Giovanni,1979-06-13,powell.degiovanni@yahoo.com,+91 458 562 0017,"13561 Vibrant Lane, Rochester, New York, United States, 14652"
32,Fidelia,Barsham,1981-05-29,fidelia.barsham@gmail.com,+91 757 168 0018,"6384 Burgess Drive, Charleston, West Virginia, United States, 25305"
43,Terrell,Allden,1974-05-29,terrell.allden@hotmail.com,+971 454 683 0049,"1248 Rhapsody Path, Cleveland, Ohio, United States, 44111"
98,Irving,Lande,1965-08-30,irving.lande@gmail.com,+971 496 979 0047,"9773 Duffy Loop, Joliet, Illinois, United States, 60435"
75,Grace,Stuffins,1980-02-15,grace.stuffins@gmail.com,+971 615 126 0032,"1940 Hollywood Terrace, Newton, Massachusetts, United States, 02162"
